lot_id,sku,warehouse,quantity_on_hand,received_date,expiration_date,unit_cost
OTG-LOT-RISK-0001,OTG-RAM-001,LA DC,320,2025-09-22,2026-06-19,29.75
OTG-LOT-RISK-0002,OTG-CUR-001,NJ DC,440,2025-06-27,2026-06-27,36.92
OTG-LOT-RISK-0003,OTG-RIC-001,Dallas DC,280,2025-11-15,2026-07-13,33.92
OTG-LOT-RISK-0004,OTG-OIL-001,LA DC,510,2025-02-04,2026-07-29,36.9
OTG-LOT-RISK-0005,OTG-SAU-001,Seattle DC,620,2025-02-28,2026-08-22,13.43
OTG-LOT-00006,OTG-RAM-001,Dallas DC,899,2025-10-03,2026-06-30,44.77
OTG-LOT-00007,OTG-RAM-001,NJ DC,300,2026-02-27,2026-11-24,27.58
OTG-LOT-00008,OTG-RAM-001,LA DC,466,2026-02-01,2026-10-29,51.54
OTG-LOT-00009,OTG-RAM-001,Seattle DC,546,2026-01-26,2026-10-23,16.58
OTG-LOT-00010,OTG-RAM-001,NJ DC,210,2025-11-29,2026-08-26,9.1
OTG-LOT-00011,OTG-RAM-002,LA DC,674,2026-02-23,2026-11-20,21.42
OTG-LOT-00012,OTG-RAM-002,Dallas DC,911,2025-09-28,2026-06-25,61.92
OTG-LOT-00013,OTG-RAM-002,LA DC,51,2026-04-05,2026-12-31,16.07
OTG-LOT-00014,OTG-RAM-002,NJ DC,138,2025-12-14,2026-09-10,50.52
OTG-LOT-00015,OTG-RAM-002,NJ DC,1159,2026-05-11,2027-02-05,45.67
OTG-LOT-00016,OTG-RAM-003,Seattle DC,62,2025-12-20,2026-09-16,22.74
OTG-LOT-00017,OTG-RAM-003,Seattle DC,513,2026-04-12,2027-01-07,44.39
OTG-LOT-00018,OTG-RAM-003,Seattle DC,838,2026-05-01,2027-01-26,57.63
OTG-LOT-00019,OTG-RAM-003,Dallas DC,1140,2025-12-18,2026-09-14,38.42
OTG-LOT-00020,OTG-RAM-003,NJ DC,978,2026-03-21,2026-12-16,55.61
OTG-LOT-00021,OTG-RAM-004,Dallas DC,94,2026-03-05,2026-11-30,59.03
OTG-LOT-00022,OTG-RAM-004,Seattle DC,807,2025-10-31,2026-07-28,59.08
OTG-LOT-00023,OTG-RAM-004,Dallas DC,111,2026-02-18,2026-11-15,34.61
OTG-LOT-00024,OTG-RAM-004,Seattle DC,728,2025-12-04,2026-08-31,16.97
OTG-LOT-00025,OTG-RAM-004,NJ DC,864,2026-01-14,2026-10-11,41.55
OTG-LOT-00026,OTG-RAM-005,LA DC,847,2026-01-16,2026-10-13,14.51
OTG-LOT-00027,OTG-RAM-005,LA DC,312,2026-04-30,2027-01-25,40.62
OTG-LOT-00028,OTG-RAM-005,Dallas DC,665,2025-11-05,2026-08-02,64.64
OTG-LOT-00029,OTG-RAM-005,LA DC,700,2025-11-14,2026-08-11,52.56
OTG-LOT-00030,OTG-RAM-005,Seattle DC,820,2025-11-26,2026-08-23,53.42
OTG-LOT-00031,OTG-RAM-006,NJ DC,232,2026-03-08,2026-12-03,34.61
OTG-LOT-00032,OTG-RAM-006,LA DC,55,2025-12-27,2026-09-23,49.1
OTG-LOT-00033,OTG-RAM-006,LA DC,994,2025-11-14,2026-08-11,47.51
OTG-LOT-00034,OTG-RAM-006,NJ DC,666,2026-04-16,2027-01-11,10.57
OTG-LOT-00035,OTG-RAM-006,LA DC,1037,2026-01-07,2026-10-04,33.04
OTG-LOT-00036,OTG-RAM-007,NJ DC,771,2025-10-18,2026-07-15,50.86
OTG-LOT-00037,OTG-RAM-007,LA DC,405,2026-04-27,2027-01-22,29.68
OTG-LOT-00038,OTG-RAM-007,Seattle DC,127,2025-11-26,2026-08-23,40.67
OTG-LOT-00039,OTG-RAM-007,NJ DC,1158,2026-01-28,2026-10-25,43.85
OTG-LOT-00040,OTG-RAM-007,LA DC,977,2025-11-27,2026-08-24,46.94
OTG-LOT-00041,OTG-RAM-008,LA DC,378,2026-02-23,2026-11-20,35.63
OTG-LOT-00042,OTG-RAM-008,LA DC,398,2026-05-07,2027-02-01,62.52
OTG-LOT-00043,OTG-RAM-008,LA DC,1198,2026-03-03,2026-11-28,48.85
OTG-LOT-00044,OTG-RAM-008,Dallas DC,650,2025-11-03,2026-07-31,10.77
OTG-LOT-00045,OTG-RAM-008,LA DC,197,2026-01-09,2026-10-06,13.17
OTG-LOT-00046,OTG-RAM-009,LA DC,78,2025-11-02,2026-07-30,26.01
OTG-LOT-00047,OTG-RAM-009,Dallas DC,404,2026-01-06,2026-10-03,35.0
OTG-LOT-00048,OTG-RAM-009,Seattle DC,742,2025-12-14,2026-09-10,21.6
OTG-LOT-00049,OTG-RAM-009,NJ DC,707,2025-12-11,2026-09-07,41.54
OTG-LOT-00050,OTG-RAM-009,NJ DC,94,2025-12-06,2026-09-02,35.49
OTG-LOT-00051,OTG-RAM-010,Seattle DC,197,2025-12-08,2026-09-04,45.35
OTG-LOT-00052,OTG-RAM-010,Seattle DC,710,2026-01-14,2026-10-11,56.88
OTG-LOT-00053,OTG-RAM-010,LA DC,1149,2025-12-07,2026-09-03,57.56
OTG-LOT-00054,OTG-RAM-010,NJ DC,1022,2025-11-16,2026-08-13,40.51
OTG-LOT-00055,OTG-RAM-010,LA DC,581,2025-09-30,2026-06-27,62.86
OTG-LOT-00056,OTG-RAM-011,Seattle DC,394,2025-11-30,2026-08-27,19.23
OTG-LOT-00057,OTG-RAM-011,Seattle DC,58,2026-04-19,2027-01-14,16.18
OTG-LOT-00058,OTG-RAM-011,Seattle DC,302,2026-01-28,2026-10-25,53.34
OTG-LOT-00059,OTG-RAM-011,Seattle DC,333,2025-12-10,2026-09-06,46.86
OTG-LOT-00060,OTG-RAM-011,LA DC,603,2026-04-09,2027-01-04,56.43
OTG-LOT-00061,OTG-RAM-012,Seattle DC,884,2025-10-08,2026-07-05,17.62
OTG-LOT-00062,OTG-RAM-012,Seattle DC,825,2025-09-25,2026-06-22,10.34
OTG-LOT-00063,OTG-RAM-012,LA DC,247,2025-11-21,2026-08-18,63.72
OTG-LOT-00064,OTG-RAM-012,NJ DC,401,2026-01-25,2026-10-22,42.62
OTG-LOT-00065,OTG-RAM-012,LA DC,443,2026-03-16,2026-12-11,30.42
OTG-LOT-00066,OTG-RAM-013,Dallas DC,968,2026-01-26,2026-10-23,19.67
OTG-LOT-00067,OTG-RAM-013,LA DC,1009,2025-10-12,2026-07-09,38.31
OTG-LOT-00068,OTG-RAM-013,Dallas DC,183,2026-04-12,2027-01-07,53.01
OTG-LOT-00069,OTG-RAM-013,NJ DC,1084,2025-09-24,2026-06-21,41.02
OTG-LOT-00070,OTG-RAM-013,NJ DC,909,2025-09-24,2026-06-21,25.64
OTG-LOT-00071,OTG-RAM-014,LA DC,750,2026-02-27,2026-10-25,14.82
OTG-LOT-00072,OTG-RAM-014,Dallas DC,1154,2026-03-08,2026-11-03,8.66
OTG-LOT-00073,OTG-RAM-014,LA DC,920,2026-01-10,2026-09-07,43.08
OTG-LOT-00074,OTG-RAM-014,Seattle DC,107,2026-05-10,2027-01-05,36.38
OTG-LOT-00075,OTG-RAM-014,Seattle DC,887,2026-04-27,2026-12-23,61.88
OTG-LOT-00076,OTG-RAM-015,Dallas DC,712,2026-01-08,2026-09-05,22.25
OTG-LOT-00077,OTG-RAM-015,NJ DC,771,2026-02-24,2026-10-22,54.5
OTG-LOT-00078,OTG-RAM-015,Dallas DC,1021,2026-01-01,2026-08-29,49.57
OTG-LOT-00079,OTG-RAM-015,Seattle DC,317,2025-12-10,2026-08-07,49.92
OTG-LOT-00080,OTG-RAM-015,LA DC,1155,2026-01-07,2026-09-04,23.9
OTG-LOT-00081,OTG-RAM-016,NJ DC,1019,2025-12-06,2026-08-03,50.2
OTG-LOT-00082,OTG-RAM-016,NJ DC,687,2025-11-02,2026-06-30,34.73
OTG-LOT-00083,OTG-RAM-016,Dallas DC,860,2025-11-15,2026-07-13,11.01
OTG-LOT-00084,OTG-RAM-016,LA DC,695,2025-12-19,2026-08-16,42.71
OTG-LOT-00085,OTG-RAM-016,LA DC,204,2026-04-16,2026-12-12,44.62
OTG-LOT-00086,OTG-CUR-001,Seattle DC,58,2025-10-26,2026-10-26,14.31
OTG-LOT-00087,OTG-CUR-001,NJ DC,287,2025-12-03,2026-12-03,25.1
OTG-LOT-00088,OTG-CUR-001,LA DC,740,2026-02-15,2027-02-15,64.6
OTG-LOT-00089,OTG-CUR-001,LA DC,1177,2025-08-13,2026-08-13,21.34
OTG-LOT-00090,OTG-CUR-001,Dallas DC,1162,2025-11-02,2026-11-02,64.98
OTG-LOT-00091,OTG-CUR-002,Seattle DC,600,2025-12-11,2026-12-11,39.52
OTG-LOT-00092,OTG-CUR-002,LA DC,427,2026-01-31,2027-01-31,48.75
OTG-LOT-00093,OTG-CUR-002,Dallas DC,1055,2025-08-08,2026-08-08,52.2
OTG-LOT-00094,OTG-CUR-002,Dallas DC,1114,2025-08-10,2026-08-10,47.28
OTG-LOT-00095,OTG-CUR-002,Dallas DC,713,2025-08-17,2026-08-17,18.09
OTG-LOT-00096,OTG-CUR-003,LA DC,1002,2026-04-16,2027-04-16,48.97
OTG-LOT-00097,OTG-CUR-003,Dallas DC,986,2025-10-07,2026-10-07,20.52
OTG-LOT-00098,OTG-CUR-003,NJ DC,626,2025-11-05,2026-11-05,14.52
OTG-LOT-00099,OTG-CUR-003,Dallas DC,436,2026-04-14,2027-04-14,49.51
OTG-LOT-00100,OTG-CUR-003,LA DC,398,2026-03-05,2027-03-05,52.34
OTG-LOT-00101,OTG-CUR-004,Seattle DC,165,2025-10-26,2026-10-26,55.62
OTG-LOT-00102,OTG-CUR-004,Seattle DC,821,2025-08-18,2026-08-18,30.64
OTG-LOT-00103,OTG-CUR-004,Seattle DC,403,2025-08-25,2026-08-25,38.32
OTG-LOT-00104,OTG-CUR-004,LA DC,1007,2025-10-30,2026-10-30,12.95
OTG-LOT-00105,OTG-CUR-004,Seattle DC,163,2026-02-01,2027-02-01,60.31
OTG-LOT-00106,OTG-CUR-005,Dallas DC,961,2025-08-05,2027-01-27,17.81
OTG-LOT-00107,OTG-CUR-005,Seattle DC,712,2026-01-08,2027-07-02,23.04
OTG-LOT-00108,OTG-CUR-005,LA DC,826,2026-01-26,2027-07-20,11.04
OTG-LOT-00109,OTG-CUR-005,Dallas DC,87,2026-03-04,2027-08-26,60.13
OTG-LOT-00110,OTG-CUR-005,Dallas DC,737,2026-03-15,2027-09-06,64.91
OTG-LOT-00111,OTG-CUR-006,NJ DC,99,2026-03-03,2027-08-25,38.42
OTG-LOT-00112,OTG-CUR-006,NJ DC,181,2025-07-29,2027-01-20,46.85
OTG-LOT-00113,OTG-CUR-006,Seattle DC,681,2025-05-22,2026-11-13,47.32
OTG-LOT-00114,OTG-CUR-006,Dallas DC,618,2025-10-08,2027-04-01,61.83
OTG-LOT-00115,OTG-CUR-006,LA DC,539,2025-05-08,2026-10-30,10.15
OTG-LOT-00116,OTG-CUR-007,LA DC,586,2025-04-23,2026-10-15,14.7
OTG-LOT-00117,OTG-CUR-007,NJ DC,966,2025-12-18,2027-06-11,61.2
OTG-LOT-00118,OTG-CUR-007,Seattle DC,1166,2025-11-24,2027-05-18,47.75
OTG-LOT-00119,OTG-CUR-007,NJ DC,85,2025-06-20,2026-12-12,57.41
OTG-LOT-00120,OTG-CUR-007,LA DC,1145,2026-04-30,2027-10-22,62.54
OTG-LOT-00121,OTG-CUR-008,Dallas DC,396,2026-04-23,2027-10-15,24.6
OTG-LOT-00122,OTG-CUR-008,NJ DC,192,2025-11-18,2027-05-12,62.89
OTG-LOT-00123,OTG-CUR-008,Dallas DC,650,2025-06-07,2026-11-29,57.36
OTG-LOT-00124,OTG-CUR-008,NJ DC,386,2025-10-17,2027-04-10,20.44
OTG-LOT-00125,OTG-CUR-008,LA DC,1148,2025-07-16,2027-01-07,17.03
OTG-LOT-00126,OTG-CUR-009,NJ DC,185,2025-06-25,2026-06-25,37.79
OTG-LOT-00127,OTG-CUR-009,Dallas DC,390,2025-11-11,2026-11-11,10.81
OTG-LOT-00128,OTG-CUR-009,NJ DC,986,2026-01-28,2027-01-28,51.04
OTG-LOT-00129,OTG-CUR-009,Dallas DC,1061,2025-09-21,2026-09-21,46.6
OTG-LOT-00130,OTG-CUR-009,Dallas DC,1142,2026-02-02,2027-02-02,25.54
OTG-LOT-00131,OTG-CUR-010,Seattle DC,896,2026-02-25,2027-02-25,38.12
OTG-LOT-00132,OTG-CUR-010,LA DC,788,2025-08-26,2026-08-26,53.35
OTG-LOT-00133,OTG-CUR-010,Seattle DC,435,2026-02-17,2027-02-17,42.12
OTG-LOT-00134,OTG-CUR-010,LA DC,1058,2025-11-07,2026-11-07,11.33
OTG-LOT-00135,OTG-CUR-010,Dallas DC,790,2026-03-07,2027-03-07,15.4
OTG-LOT-00136,OTG-CUR-011,LA DC,1137,2026-04-01,2027-04-01,9.34
OTG-LOT-00137,OTG-CUR-011,NJ DC,651,2025-12-05,2026-12-05,15.66
OTG-LOT-00138,OTG-CUR-011,NJ DC,64,2026-04-25,2027-04-25,53.82
OTG-LOT-00139,OTG-CUR-011,NJ DC,651,2025-10-24,2026-10-24,19.2
OTG-LOT-00140,OTG-CUR-011,NJ DC,1116,2026-01-26,2027-01-26,49.24
OTG-LOT-00141,OTG-CUR-012,LA DC,976,2026-04-30,2027-10-22,33.48
OTG-LOT-00142,OTG-CUR-012,LA DC,669,2025-09-02,2027-02-24,55.82
OTG-LOT-00143,OTG-CUR-012,LA DC,489,2026-01-15,2027-07-09,11.5
OTG-LOT-00144,OTG-CUR-012,Seattle DC,686,2025-09-19,2027-03-13,32.75
OTG-LOT-00145,OTG-CUR-012,Dallas DC,293,2025-07-15,2027-01-06,44.02
OTG-LOT-00146,OTG-RIC-001,Seattle DC,287,2026-04-25,2026-12-21,19.15
OTG-LOT-00147,OTG-RIC-001,Seattle DC,951,2025-11-16,2026-07-14,35.33
OTG-LOT-00148,OTG-RIC-001,Seattle DC,65,2025-11-17,2026-07-15,61.93
OTG-LOT-00149,OTG-RIC-001,Dallas DC,1185,2025-11-09,2026-07-07,17.74
OTG-LOT-00150,OTG-RIC-001,Seattle DC,904,2026-03-05,2026-10-31,17.18
OTG-LOT-00151,OTG-RIC-002,NJ DC,245,2025-10-28,2026-06-25,40.92
OTG-LOT-00152,OTG-RIC-002,Seattle DC,372,2026-04-13,2026-12-09,64.1
OTG-LOT-00153,OTG-RIC-002,LA DC,315,2026-01-03,2026-08-31,53.37
OTG-LOT-00154,OTG-RIC-002,LA DC,700,2026-01-25,2026-09-22,30.4
OTG-LOT-00155,OTG-RIC-002,LA DC,496,2025-10-31,2026-06-28,28.09
OTG-LOT-00156,OTG-RIC-003,Seattle DC,410,2025-11-11,2026-07-09,37.22
OTG-LOT-00157,OTG-RIC-003,Dallas DC,575,2025-11-03,2026-07-01,56.73
OTG-LOT-00158,OTG-RIC-003,Dallas DC,532,2025-12-28,2026-08-25,63.45
OTG-LOT-00159,OTG-RIC-003,NJ DC,659,2025-11-22,2026-07-20,36.82
OTG-LOT-00160,OTG-RIC-003,Dallas DC,775,2025-11-26,2026-07-24,28.28
OTG-LOT-00161,OTG-RIC-004,NJ DC,319,2026-02-03,2026-10-01,28.14
OTG-LOT-00162,OTG-RIC-004,LA DC,858,2025-10-31,2026-06-28,41.28
OTG-LOT-00163,OTG-RIC-004,Dallas DC,327,2026-02-02,2026-09-30,35.88
OTG-LOT-00164,OTG-RIC-004,LA DC,166,2026-04-16,2026-12-12,58.54
OTG-LOT-00165,OTG-RIC-004,LA DC,1026,2026-03-14,2026-11-09,22.38
OTG-LOT-00166,OTG-RIC-005,LA DC,638,2026-01-27,2026-09-24,39.62
OTG-LOT-00167,OTG-RIC-005,NJ DC,829,2026-03-30,2026-11-25,61.76
OTG-LOT-00168,OTG-RIC-005,NJ DC,994,2026-03-09,2026-11-04,31.4
OTG-LOT-00169,OTG-RIC-005,Seattle DC,688,2026-02-20,2026-10-18,8.88
OTG-LOT-00170,OTG-RIC-005,LA DC,1004,2025-10-21,2026-06-18,39.53
OTG-LOT-00171,OTG-RIC-006,Dallas DC,681,2026-04-28,2026-12-24,41.02
OTG-LOT-00172,OTG-RIC-006,LA DC,536,2026-01-22,2026-09-19,59.83
OTG-LOT-00173,OTG-RIC-006,NJ DC,741,2026-02-15,2026-10-13,13.01
OTG-LOT-00174,OTG-RIC-006,LA DC,716,2025-11-14,2026-07-12,20.07
OTG-LOT-00175,OTG-RIC-006,NJ DC,660,2026-02-13,2026-10-11,55.35
OTG-LOT-00176,OTG-RIC-007,NJ DC,833,2026-03-20,2026-11-15,11.44
OTG-LOT-00177,OTG-RIC-007,LA DC,1064,2026-01-04,2026-09-01,43.45
OTG-LOT-00178,OTG-RIC-007,NJ DC,191,2026-03-05,2026-10-31,45.04
OTG-LOT-00179,OTG-RIC-007,LA DC,908,2026-04-23,2026-12-19,29.7
OTG-LOT-00180,OTG-RIC-007,Seattle DC,560,2026-03-25,2026-11-20,47.89
OTG-LOT-00181,OTG-RIC-008,NJ DC,1174,2026-01-31,2026-09-28,57.22
OTG-LOT-00182,OTG-RIC-008,NJ DC,755,2025-11-27,2026-07-25,62.75
OTG-LOT-00183,OTG-RIC-008,LA DC,1103,2025-10-24,2026-06-21,38.68
OTG-LOT-00184,OTG-RIC-008,LA DC,893,2025-12-08,2026-08-05,60.95
OTG-LOT-00185,OTG-RIC-008,Seattle DC,865,2026-03-25,2026-11-20,56.28
OTG-LOT-00186,OTG-RIC-009,Dallas DC,645,2026-02-27,2026-10-25,32.48
OTG-LOT-00187,OTG-RIC-009,LA DC,107,2026-02-18,2026-10-16,14.79
OTG-LOT-00188,OTG-RIC-009,NJ DC,571,2026-01-24,2026-09-21,31.08
OTG-LOT-00189,OTG-RIC-009,NJ DC,864,2026-02-08,2026-10-06,45.32
OTG-LOT-00190,OTG-RIC-009,Seattle DC,972,2025-12-22,2026-08-19,47.87
OTG-LOT-00191,OTG-RIC-010,Dallas DC,378,2025-11-27,2026-11-27,37.47
OTG-LOT-00192,OTG-RIC-010,NJ DC,352,2025-09-25,2026-09-25,19.33
OTG-LOT-00193,OTG-RIC-010,LA DC,50,2026-04-26,2027-04-26,57.74
OTG-LOT-00194,OTG-RIC-010,LA DC,353,2025-07-05,2026-07-05,16.16
OTG-LOT-00195,OTG-RIC-010,Dallas DC,1188,2025-10-05,2026-10-05,8.93
OTG-LOT-00196,OTG-RIC-011,Seattle DC,1164,2025-10-02,2026-10-02,60.29
OTG-LOT-00197,OTG-RIC-011,NJ DC,363,2025-12-09,2026-12-09,19.43
OTG-LOT-00198,OTG-RIC-011,Dallas DC,1113,2025-08-05,2026-08-05,43.81
OTG-LOT-00199,OTG-RIC-011,NJ DC,744,2026-03-27,2027-03-27,10.88
OTG-LOT-00200,OTG-RIC-011,Dallas DC,958,2025-07-29,2026-07-29,36.02
OTG-LOT-00201,OTG-RIC-012,LA DC,48,2025-09-24,2026-09-24,43.02
OTG-LOT-00202,OTG-RIC-012,NJ DC,467,2025-11-16,2026-11-16,60.03
OTG-LOT-00203,OTG-RIC-012,LA DC,516,2025-08-21,2026-08-21,13.75
OTG-LOT-00204,OTG-RIC-012,Dallas DC,621,2025-08-22,2026-08-22,63.93
OTG-LOT-00205,OTG-RIC-012,NJ DC,69,2025-08-17,2026-08-17,30.94
OTG-LOT-00206,OTG-SAU-001,LA DC,328,2026-01-03,2027-06-27,24.55
OTG-LOT-00207,OTG-SAU-001,Seattle DC,192,2026-02-21,2027-08-15,57.38
OTG-LOT-00208,OTG-SAU-001,Dallas DC,526,2025-12-09,2027-06-02,59.97
OTG-LOT-00209,OTG-SAU-001,Seattle DC,478,2025-09-28,2027-03-22,40.45
OTG-LOT-00210,OTG-SAU-001,LA DC,776,2025-07-28,2027-01-19,42.36
OTG-LOT-00211,OTG-SAU-002,LA DC,110,2026-04-01,2027-04-01,23.18
OTG-LOT-00212,OTG-SAU-002,LA DC,582,2025-11-16,2026-11-16,44.32
OTG-LOT-00213,OTG-SAU-002,LA DC,993,2025-09-14,2026-09-14,8.47
OTG-LOT-00214,OTG-SAU-002,Dallas DC,465,2025-12-10,2026-12-10,59.87
OTG-LOT-00215,OTG-SAU-002,Seattle DC,349,2025-09-30,2026-09-30,35.77
OTG-LOT-00216,OTG-SAU-003,NJ DC,107,2025-08-26,2026-08-26,30.65
OTG-LOT-00217,OTG-SAU-003,Dallas DC,579,2025-11-22,2026-11-22,56.48
OTG-LOT-00218,OTG-SAU-003,Seattle DC,427,2025-09-26,2026-09-26,22.03
OTG-LOT-00219,OTG-SAU-003,NJ DC,232,2025-08-06,2026-08-06,47.56
OTG-LOT-00220,OTG-SAU-003,Seattle DC,1066,2025-06-29,2026-06-29,24.67
OTG-LOT-00221,OTG-SAU-004,Seattle DC,454,2025-09-14,2027-03-08,61.97
OTG-LOT-00222,OTG-SAU-004,NJ DC,808,2025-06-10,2026-12-02,36.09
OTG-LOT-00223,OTG-SAU-004,Dallas DC,546,2026-01-08,2027-07-02,47.08
OTG-LOT-00224,OTG-SAU-004,Seattle DC,604,2025-04-14,2026-10-06,39.17
OTG-LOT-00225,OTG-SAU-004,NJ DC,807,2026-01-15,2027-07-09,38.51
OTG-LOT-00226,OTG-SAU-005,LA DC,800,2026-05-06,2027-10-28,23.98
OTG-LOT-00227,OTG-SAU-005,Dallas DC,844,2025-05-12,2026-11-03,37.24
OTG-LOT-00228,OTG-SAU-005,LA DC,653,2025-08-06,2027-01-28,37.58
OTG-LOT-00229,OTG-SAU-005,NJ DC,342,2025-10-31,2027-04-24,54.91
OTG-LOT-00230,OTG-SAU-005,LA DC,205,2026-02-16,2027-08-10,25.2
OTG-LOT-00231,OTG-SAU-006,Dallas DC,983,2025-07-16,2026-07-16,63.56
OTG-LOT-00232,OTG-SAU-006,Dallas DC,986,2026-02-02,2027-02-02,48.75
OTG-LOT-00233,OTG-SAU-006,Seattle DC,693,2026-05-06,2027-05-06,46.33
OTG-LOT-00234,OTG-SAU-006,Seattle DC,238,2026-03-08,2027-03-08,9.6
OTG-LOT-00235,OTG-SAU-006,LA DC,1125,2025-08-02,2026-08-02,23.72
OTG-LOT-00236,OTG-SAU-007,LA DC,599,2025-11-25,2026-11-25,30.87
OTG-LOT-00237,OTG-SAU-007,Seattle DC,857,2025-07-26,2026-07-26,28.19
OTG-LOT-00238,OTG-SAU-007,LA DC,646,2025-12-03,2026-12-03,51.87
OTG-LOT-00239,OTG-SAU-007,Seattle DC,877,2026-02-19,2027-02-19,45.69
OTG-LOT-00240,OTG-SAU-007,Dallas DC,1125,2025-07-07,2026-07-07,50.04
OTG-LOT-00241,OTG-SAU-008,Dallas DC,813,2025-08-21,2026-08-21,23.3
OTG-LOT-00242,OTG-SAU-008,NJ DC,857,2026-03-21,2027-03-21,51.2
OTG-LOT-00243,OTG-SAU-008,NJ DC,832,2025-09-05,2026-09-05,41.0
OTG-LOT-00244,OTG-SAU-008,LA DC,346,2026-03-12,2027-03-12,50.72
OTG-LOT-00245,OTG-SAU-008,Dallas DC,927,2025-07-02,2026-07-02,24.2
OTG-LOT-00246,OTG-SAU-009,NJ DC,948,2026-03-22,2027-09-13,64.07
OTG-LOT-00247,OTG-SAU-009,Seattle DC,828,2025-10-10,2027-04-03,30.43
OTG-LOT-00248,OTG-SAU-009,LA DC,998,2025-04-22,2026-10-14,24.97
OTG-LOT-00249,OTG-SAU-009,Dallas DC,462,2025-12-17,2027-06-10,9.7
OTG-LOT-00250,OTG-SAU-009,Seattle DC,1180,2025-04-17,2026-10-09,56.95
OTG-LOT-00251,OTG-SAU-010,Dallas DC,317,2025-06-10,2026-12-02,43.18
OTG-LOT-00252,OTG-SAU-010,Seattle DC,877,2026-04-07,2027-09-29,25.7
OTG-LOT-00253,OTG-SAU-010,Dallas DC,501,2025-11-15,2027-05-09,27.01
OTG-LOT-00254,OTG-SAU-010,NJ DC,228,2025-08-30,2027-02-21,23.23
OTG-LOT-00255,OTG-SAU-010,NJ DC,313,2025-10-28,2027-04-21,35.33
OTG-LOT-00256,OTG-SAU-011,Dallas DC,1057,2025-12-28,2026-12-28,15.26
OTG-LOT-00257,OTG-SAU-011,NJ DC,1119,2025-11-19,2026-11-19,31.61
OTG-LOT-00258,OTG-SAU-011,NJ DC,169,2026-01-07,2027-01-07,51.44
OTG-LOT-00259,OTG-SAU-011,NJ DC,342,2025-08-16,2026-08-16,60.72
OTG-LOT-00260,OTG-SAU-011,LA DC,985,2025-11-16,2026-11-16,11.21
OTG-LOT-00261,OTG-SAU-012,Dallas DC,397,2025-09-23,2027-03-17,13.44
OTG-LOT-00262,OTG-SAU-012,LA DC,533,2025-08-21,2027-02-12,36.92
OTG-LOT-00263,OTG-SAU-012,NJ DC,1172,2025-11-29,2027-05-23,61.18
OTG-LOT-00264,OTG-SAU-012,Seattle DC,248,2025-11-15,2027-05-09,37.74
OTG-LOT-00265,OTG-SAU-012,Dallas DC,760,2026-04-13,2027-10-05,35.8
OTG-LOT-00266,OTG-SAU-013,NJ DC,538,2025-12-13,2027-06-06,43.8
OTG-LOT-00267,OTG-SAU-013,LA DC,706,2026-05-05,2027-10-27,60.99
OTG-LOT-00268,OTG-SAU-013,LA DC,762,2025-08-26,2027-02-17,19.32
OTG-LOT-00269,OTG-SAU-013,Seattle DC,166,2026-01-09,2027-07-03,31.93
OTG-LOT-00270,OTG-SAU-013,NJ DC,836,2025-06-01,2026-11-23,13.28
OTG-LOT-00271,OTG-SAU-014,Dallas DC,542,2025-04-17,2026-10-09,41.72
OTG-LOT-00272,OTG-SAU-014,LA DC,843,2025-04-19,2026-10-11,16.79
OTG-LOT-00273,OTG-SAU-014,Seattle DC,529,2025-10-29,2027-04-22,23.17
OTG-LOT-00274,OTG-SAU-014,NJ DC,330,2026-01-04,2027-06-28,57.1
OTG-LOT-00275,OTG-SAU-014,NJ DC,192,2025-07-16,2027-01-07,48.73
OTG-LOT-00276,OTG-SAU-015,Seattle DC,1024,2026-02-19,2027-08-13,26.5
OTG-LOT-00277,OTG-SAU-015,Seattle DC,399,2025-10-16,2027-04-09,10.12
OTG-LOT-00278,OTG-SAU-015,Dallas DC,845,2026-01-26,2027-07-20,14.16
OTG-LOT-00279,OTG-SAU-015,LA DC,605,2025-08-07,2027-01-29,25.53
OTG-LOT-00280,OTG-SAU-015,NJ DC,729,2026-03-13,2027-09-04,51.32
OTG-LOT-00281,OTG-SAU-016,NJ DC,1063,2025-11-23,2027-05-17,55.62
OTG-LOT-00282,OTG-SAU-016,LA DC,622,2026-04-20,2027-10-12,57.45
OTG-LOT-00283,OTG-SAU-016,Dallas DC,706,2026-04-24,2027-10-16,26.89
OTG-LOT-00284,OTG-SAU-016,LA DC,540,2025-04-23,2026-10-15,13.56
OTG-LOT-00285,OTG-SAU-016,Dallas DC,273,2025-11-30,2027-05-24,8.45
OTG-LOT-00286,OTG-OIL-001,Seattle DC,129,2026-01-18,2027-07-12,30.87
OTG-LOT-00287,OTG-OIL-001,NJ DC,379,2025-11-04,2027-04-28,13.14
OTG-LOT-00288,OTG-OIL-001,LA DC,973,2025-12-27,2027-06-20,21.22
OTG-LOT-00289,OTG-OIL-001,LA DC,713,2026-01-17,2027-07-11,46.22
OTG-LOT-00290,OTG-OIL-001,NJ DC,171,2025-04-23,2026-10-15,59.47
OTG-LOT-00291,OTG-OIL-002,Seattle DC,296,2025-08-29,2026-08-29,27.76
OTG-LOT-00292,OTG-OIL-002,Seattle DC,102,2026-01-22,2027-01-22,62.34
OTG-LOT-00293,OTG-OIL-002,NJ DC,1046,2026-02-12,2027-02-12,50.0
OTG-LOT-00294,OTG-OIL-002,Seattle DC,681,2025-06-22,2026-06-22,48.86
OTG-LOT-00295,OTG-OIL-002,NJ DC,426,2026-03-24,2027-03-24,52.76
OTG-LOT-00296,OTG-OIL-003,Dallas DC,1060,2025-06-01,2026-11-23,57.82
OTG-LOT-00297,OTG-OIL-003,NJ DC,569,2025-06-30,2026-12-22,28.3
OTG-LOT-00298,OTG-OIL-003,LA DC,725,2025-06-14,2026-12-06,54.2
OTG-LOT-00299,OTG-OIL-003,NJ DC,390,2025-04-21,2026-10-13,59.68
OTG-LOT-00300,OTG-OIL-003,LA DC,1148,2025-06-18,2026-12-10,63.98
OTG-LOT-00301,OTG-OIL-004,Seattle DC,898,2025-11-14,2027-05-08,49.91
OTG-LOT-00302,OTG-OIL-004,LA DC,486,2025-09-03,2027-02-25,12.24
OTG-LOT-00303,OTG-OIL-004,NJ DC,1009,2025-10-17,2027-04-10,20.42
OTG-LOT-00304,OTG-OIL-004,NJ DC,350,2025-11-02,2027-04-26,60.63
OTG-LOT-00305,OTG-OIL-004,LA DC,572,2025-08-07,2027-01-29,62.28
OTG-LOT-00306,OTG-OIL-005,Dallas DC,249,2026-05-01,2027-10-23,29.62
OTG-LOT-00307,OTG-OIL-005,NJ DC,639,2026-03-25,2027-09-16,51.48
OTG-LOT-00308,OTG-OIL-005,Seattle DC,859,2025-08-22,2027-02-13,39.98
OTG-LOT-00309,OTG-OIL-005,Seattle DC,561,2025-08-07,2027-01-29,37.58
OTG-LOT-00310,OTG-OIL-005,LA DC,710,2025-09-07,2027-03-01,40.64
OTG-LOT-00311,OTG-OIL-006,NJ DC,1123,2026-03-07,2027-08-29,31.46
OTG-LOT-00312,OTG-OIL-006,Seattle DC,1009,2025-11-02,2027-04-26,16.68
OTG-LOT-00313,OTG-OIL-006,Seattle DC,880,2025-09-01,2027-02-23,49.44
OTG-LOT-00314,OTG-OIL-006,LA DC,1188,2026-04-24,2027-10-16,59.52
OTG-LOT-00315,OTG-OIL-006,Dallas DC,915,2025-08-16,2027-02-07,29.13
OTG-LOT-00316,OTG-VNG-001,Seattle DC,1188,2025-11-18,2027-05-12,11.34
OTG-LOT-00317,OTG-VNG-001,Seattle DC,784,2025-06-11,2026-12-03,43.91
OTG-LOT-00318,OTG-VNG-001,Dallas DC,928,2026-01-24,2027-07-18,55.51
OTG-LOT-00319,OTG-VNG-001,Dallas DC,83,2025-10-17,2027-04-10,59.51
OTG-LOT-00320,OTG-VNG-001,NJ DC,107,2026-03-29,2027-09-20,64.9
OTG-LOT-00321,OTG-VNG-002,Seattle DC,1049,2025-11-27,2027-05-21,41.45
OTG-LOT-00322,OTG-VNG-002,NJ DC,838,2025-04-13,2026-10-05,55.42
OTG-LOT-00323,OTG-VNG-002,NJ DC,356,2025-11-24,2027-05-18,62.85
OTG-LOT-00324,OTG-VNG-002,Seattle DC,584,2026-03-01,2027-08-23,28.78
OTG-LOT-00325,OTG-VNG-002,Dallas DC,84,2025-09-30,2027-03-24,32.33
OTG-LOT-00326,OTG-VNG-003,Dallas DC,550,2026-04-16,2027-10-08,13.38
OTG-LOT-00327,OTG-VNG-003,NJ DC,56,2025-04-29,2026-10-21,8.97
OTG-LOT-00328,OTG-VNG-003,Seattle DC,350,2025-04-09,2026-10-01,34.45
OTG-LOT-00329,OTG-VNG-003,LA DC,497,2025-10-12,2027-04-05,56.06
OTG-LOT-00330,OTG-VNG-003,Seattle DC,246,2026-03-16,2027-09-07,43.03
OTG-LOT-00331,OTG-VNG-004,Dallas DC,278,2025-06-23,2026-12-15,12.62
OTG-LOT-00332,OTG-VNG-004,NJ DC,946,2026-04-11,2027-10-03,46.36
OTG-LOT-00333,OTG-VNG-004,Seattle DC,1147,2025-07-18,2027-01-09,10.07
OTG-LOT-00334,OTG-VNG-004,NJ DC,1118,2025-04-17,2026-10-09,43.81
OTG-LOT-00335,OTG-VNG-004,NJ DC,67,2026-05-03,2027-10-25,19.27
OTG-LOT-00336,OTG-SSN-001,Seattle DC,766,2025-08-16,2026-08-16,38.53
OTG-LOT-00337,OTG-SSN-001,Dallas DC,323,2026-01-04,2027-01-04,32.83
OTG-LOT-00338,OTG-SSN-001,NJ DC,906,2026-03-22,2027-03-22,14.03
OTG-LOT-00339,OTG-SSN-001,NJ DC,348,2026-01-06,2027-01-06,53.04
OTG-LOT-00340,OTG-SSN-001,Dallas DC,924,2025-07-02,2026-07-02,10.95
OTG-LOT-00341,OTG-SSN-002,LA DC,670,2026-03-24,2027-03-24,60.62
OTG-LOT-00342,OTG-SSN-002,LA DC,79,2025-08-04,2026-08-04,28.82
OTG-LOT-00343,OTG-SSN-002,Dallas DC,817,2025-09-14,2026-09-14,46.83
OTG-LOT-00344,OTG-SSN-002,LA DC,1052,2025-07-20,2026-07-20,31.42
OTG-LOT-00345,OTG-SSN-002,Seattle DC,89,2026-03-07,2027-03-07,61.29
OTG-LOT-00346,OTG-MIX-001,NJ DC,1084,2025-10-02,2026-10-02,23.18
OTG-LOT-00347,OTG-MIX-001,NJ DC,867,2025-10-13,2026-10-13,14.3
OTG-LOT-00348,OTG-MIX-001,Dallas DC,230,2025-07-22,2026-07-22,56.41
OTG-LOT-00349,OTG-MIX-001,LA DC,822,2025-10-26,2026-10-26,13.0
OTG-LOT-00350,OTG-MIX-001,Seattle DC,357,2025-09-09,2026-09-09,55.5
OTG-LOT-00351,OTG-MIX-002,Seattle DC,682,2025-09-28,2026-09-28,38.47
OTG-LOT-00352,OTG-MIX-002,NJ DC,612,2026-04-09,2027-04-09,18.71
OTG-LOT-00353,OTG-MIX-002,NJ DC,428,2025-10-12,2026-10-12,41.21
OTG-LOT-00354,OTG-MIX-002,Dallas DC,915,2025-11-04,2026-11-04,46.11
OTG-LOT-00355,OTG-MIX-002,Dallas DC,1148,2025-12-21,2026-12-21,56.13
OTG-LOT-00356,OTG-MIX-003,Seattle DC,795,2025-09-14,2026-09-14,37.18
OTG-LOT-00357,OTG-MIX-003,Dallas DC,1137,2026-03-24,2027-03-24,14.4
OTG-LOT-00358,OTG-MIX-003,LA DC,802,2025-12-24,2026-12-24,56.07
OTG-LOT-00359,OTG-MIX-003,LA DC,452,2026-03-08,2027-03-08,43.16
OTG-LOT-00360,OTG-MIX-003,Dallas DC,1145,2025-11-28,2026-11-28,57.66
OTG-LOT-00361,OTG-MIX-004,Dallas DC,607,2025-10-07,2026-10-07,15.52
OTG-LOT-00362,OTG-MIX-004,NJ DC,216,2025-08-23,2026-08-23,8.08
OTG-LOT-00363,OTG-MIX-004,Dallas DC,1125,2025-07-27,2026-07-27,51.45
OTG-LOT-00364,OTG-MIX-004,LA DC,396,2025-10-05,2026-10-05,12.46
OTG-LOT-00365,OTG-MIX-004,Seattle DC,1160,2025-10-14,2026-10-14,15.58
OTG-LOT-00366,OTG-MIX-005,Seattle DC,810,2025-07-31,2026-07-31,32.96
OTG-LOT-00367,OTG-MIX-005,LA DC,1196,2025-11-14,2026-11-14,64.91
OTG-LOT-00368,OTG-MIX-005,Dallas DC,1140,2025-10-07,2026-10-07,58.61
OTG-LOT-00369,OTG-MIX-005,Seattle DC,1003,2025-08-30,2026-08-30,55.62
OTG-LOT-00370,OTG-MIX-005,NJ DC,350,2025-11-26,2026-11-26,14.29
OTG-LOT-00371,OTG-MIX-006,Seattle DC,266,2025-10-25,2026-10-25,11.29
OTG-LOT-00372,OTG-MIX-006,LA DC,64,2025-11-13,2026-11-13,52.56
OTG-LOT-00373,OTG-MIX-006,NJ DC,763,2025-10-06,2026-10-06,46.97
OTG-LOT-00374,OTG-MIX-006,Dallas DC,727,2025-09-07,2026-09-07,11.6
OTG-LOT-00375,OTG-MIX-006,NJ DC,1009,2026-02-20,2027-02-20,22.47
OTG-LOT-00376,OTG-MIX-007,LA DC,147,2025-08-15,2026-08-15,52.78
OTG-LOT-00377,OTG-MIX-007,Seattle DC,242,2025-12-17,2026-12-17,59.38
OTG-LOT-00378,OTG-MIX-007,NJ DC,936,2026-05-03,2027-05-03,14.55
OTG-LOT-00379,OTG-MIX-007,NJ DC,1093,2026-03-24,2027-03-24,12.96
OTG-LOT-00380,OTG-MIX-007,Dallas DC,678,2026-03-25,2027-03-25,41.39
OTG-LOT-00381,OTG-MIX-008,LA DC,138,2025-10-19,2026-10-19,59.81
OTG-LOT-00382,OTG-MIX-008,LA DC,569,2026-02-24,2027-02-24,33.67
OTG-LOT-00383,OTG-MIX-008,Seattle DC,589,2026-03-09,2027-03-09,29.7
OTG-LOT-00384,OTG-MIX-008,LA DC,441,2026-04-30,2027-04-30,49.23
OTG-LOT-00385,OTG-MIX-008,LA DC,295,2026-01-03,2027-01-03,11.59
OTG-LOT-00386,OTG-MIX-009,NJ DC,530,2025-08-12,2026-08-12,28.51
OTG-LOT-00387,OTG-MIX-009,NJ DC,765,2026-04-24,2027-04-24,13.66
OTG-LOT-00388,OTG-MIX-009,Dallas DC,603,2026-04-11,2027-04-11,16.78
OTG-LOT-00389,OTG-MIX-009,LA DC,1122,2026-01-31,2027-01-31,64.43
OTG-LOT-00390,OTG-MIX-009,NJ DC,842,2025-12-04,2026-12-04,63.59
OTG-LOT-00391,OTG-MIX-010,Dallas DC,587,2025-08-09,2026-08-09,20.38
OTG-LOT-00392,OTG-MIX-010,Seattle DC,275,2026-04-05,2027-04-05,10.77
OTG-LOT-00393,OTG-MIX-010,NJ DC,419,2025-07-28,2026-07-28,8.94
OTG-LOT-00394,OTG-MIX-010,NJ DC,695,2025-08-01,2026-08-01,13.78
OTG-LOT-00395,OTG-MIX-010,Seattle DC,380,2025-10-06,2026-10-06,8.3
OTG-LOT-00396,OTG-MIX-011,LA DC,429,2026-02-17,2027-02-17,49.18
OTG-LOT-00397,OTG-MIX-011,NJ DC,125,2025-08-28,2026-08-28,34.37
OTG-LOT-00398,OTG-MIX-011,Seattle DC,499,2026-01-13,2027-01-13,37.82
OTG-LOT-00399,OTG-MIX-011,Dallas DC,820,2025-08-22,2026-08-22,57.3
OTG-LOT-00400,OTG-MIX-011,Dallas DC,499,2025-11-04,2026-11-04,43.74
OTG-LOT-00401,OTG-MIX-012,Dallas DC,60,2026-03-05,2027-03-05,43.73
OTG-LOT-00402,OTG-MIX-012,NJ DC,1080,2026-04-02,2027-04-02,44.16
OTG-LOT-00403,OTG-MIX-012,LA DC,693,2026-04-03,2027-04-03,26.51
OTG-LOT-00404,OTG-MIX-012,Dallas DC,446,2025-09-03,2026-09-03,42.77
OTG-LOT-00405,OTG-MIX-012,Dallas DC,308,2025-12-28,2026-12-28,19.61
OTG-LOT-00406,OTG-SOU-001,NJ DC,634,2026-03-05,2027-03-05,15.85
OTG-LOT-00407,OTG-SOU-001,LA DC,351,2026-03-14,2027-03-14,64.77
OTG-LOT-00408,OTG-SOU-001,NJ DC,938,2026-02-12,2027-02-12,15.76
OTG-LOT-00409,OTG-SOU-001,Seattle DC,709,2026-04-21,2027-04-21,61.78
OTG-LOT-00410,OTG-SOU-001,Dallas DC,876,2025-10-16,2026-10-16,7.73
OTG-LOT-00411,OTG-SOU-002,Dallas DC,838,2026-01-02,2027-01-02,14.04
OTG-LOT-00412,OTG-SOU-002,Dallas DC,1165,2025-12-24,2026-12-24,13.22
OTG-LOT-00413,OTG-SOU-002,Dallas DC,631,2025-10-11,2026-10-11,47.3
OTG-LOT-00414,OTG-SOU-002,LA DC,268,2026-03-02,2027-03-02,22.22
OTG-LOT-00415,OTG-SOU-002,LA DC,263,2025-09-11,2026-09-11,33.81
OTG-LOT-00416,OTG-SOU-003,Dallas DC,577,2025-11-17,2026-11-17,64.73
OTG-LOT-00417,OTG-SOU-003,Seattle DC,727,2025-07-31,2026-07-31,35.71
OTG-LOT-00418,OTG-SOU-003,LA DC,1155,2025-06-28,2026-06-28,61.57
OTG-LOT-00419,OTG-SOU-003,Dallas DC,322,2026-02-01,2027-02-01,32.3
OTG-LOT-00420,OTG-SOU-003,Seattle DC,335,2025-11-20,2026-11-20,38.11
OTG-LOT-00421,OTG-SOU-004,LA DC,283,2026-03-09,2027-03-09,24.22
OTG-LOT-00422,OTG-SOU-004,Seattle DC,202,2025-07-23,2026-07-23,14.14
OTG-LOT-00423,OTG-SOU-004,NJ DC,427,2026-01-29,2027-01-29,46.91
OTG-LOT-00424,OTG-SOU-004,LA DC,130,2025-11-06,2026-11-06,55.17
OTG-LOT-00425,OTG-SOU-004,LA DC,371,2025-10-09,2026-10-09,44.75
OTG-LOT-00426,OTG-SOU-005,Seattle DC,384,2026-05-05,2027-05-05,9.36
OTG-LOT-00427,OTG-SOU-005,NJ DC,374,2026-01-04,2027-01-04,57.0
OTG-LOT-00428,OTG-SOU-005,LA DC,794,2025-11-26,2026-11-26,49.04
OTG-LOT-00429,OTG-SOU-005,NJ DC,230,2025-09-14,2026-09-14,48.15
OTG-LOT-00430,OTG-SOU-005,Dallas DC,540,2025-11-12,2026-11-12,55.97
OTG-LOT-00431,OTG-SOU-006,NJ DC,553,2026-01-08,2026-09-05,57.34
OTG-LOT-00432,OTG-SOU-006,Dallas DC,363,2026-04-14,2026-12-10,8.98
OTG-LOT-00433,OTG-SOU-006,Seattle DC,683,2026-01-09,2026-09-06,62.86
OTG-LOT-00434,OTG-SOU-006,Seattle DC,606,2025-12-13,2026-08-10,45.97
OTG-LOT-00435,OTG-SOU-006,Seattle DC,1085,2025-12-18,2026-08-15,49.08
OTG-LOT-00436,OTG-SOU-007,LA DC,760,2026-03-25,2026-11-20,63.0
OTG-LOT-00437,OTG-SOU-007,Dallas DC,475,2026-04-02,2026-11-28,14.37
OTG-LOT-00438,OTG-SOU-007,LA DC,743,2025-12-02,2026-07-30,58.16
OTG-LOT-00439,OTG-SOU-007,LA DC,403,2025-11-11,2026-07-09,62.04
OTG-LOT-00440,OTG-SOU-007,Dallas DC,1114,2026-01-12,2026-09-09,31.84
OTG-LOT-00441,OTG-SOU-008,Seattle DC,69,2026-04-09,2026-12-05,47.74
OTG-LOT-00442,OTG-SOU-008,Dallas DC,278,2026-03-30,2026-11-25,15.97
OTG-LOT-00443,OTG-SOU-008,Dallas DC,790,2026-02-12,2026-10-10,11.19
OTG-LOT-00444,OTG-SOU-008,Dallas DC,852,2026-03-10,2026-11-05,19.41
OTG-LOT-00445,OTG-SOU-008,Dallas DC,588,2025-12-16,2026-08-13,42.02
OTG-LOT-00446,OTG-SOU-009,Seattle DC,563,2026-03-12,2026-11-07,44.93
OTG-LOT-00447,OTG-SOU-009,LA DC,1192,2026-01-06,2026-09-03,14.39
OTG-LOT-00448,OTG-SOU-009,Seattle DC,770,2025-11-01,2026-06-29,35.8
OTG-LOT-00449,OTG-SOU-009,LA DC,1019,2026-04-16,2026-12-12,23.22
OTG-LOT-00450,OTG-SOU-009,Dallas DC,609,2025-11-15,2026-07-13,23.66
OTG-LOT-00451,OTG-SOU-010,Dallas DC,1151,2025-11-15,2026-07-13,7.6
OTG-LOT-00452,OTG-SOU-010,LA DC,758,2026-02-10,2026-10-08,32.35
OTG-LOT-00453,OTG-SOU-010,Dallas DC,343,2026-01-13,2026-09-10,20.11
OTG-LOT-00454,OTG-SOU-010,Dallas DC,560,2026-01-18,2026-09-15,50.74
OTG-LOT-00455,OTG-SOU-010,NJ DC,1179,2025-11-06,2026-07-04,38.74
OTG-LOT-00456,OTG-FRZ-001,Dallas DC,215,2026-02-25,2027-08-19,15.5
OTG-LOT-00457,OTG-FRZ-001,Dallas DC,747,2025-06-17,2026-12-09,43.86
OTG-LOT-00458,OTG-FRZ-001,LA DC,891,2026-05-11,2027-11-02,40.93
OTG-LOT-00459,OTG-FRZ-001,LA DC,686,2025-11-19,2027-05-13,24.01
OTG-LOT-00460,OTG-FRZ-001,LA DC,301,2026-04-30,2027-10-22,45.79
OTG-LOT-00461,OTG-FRZ-002,Seattle DC,480,2026-01-11,2027-07-05,53.16
OTG-LOT-00462,OTG-FRZ-002,NJ DC,129,2025-10-12,2027-04-05,23.8
OTG-LOT-00463,OTG-FRZ-002,NJ DC,1199,2025-05-02,2026-10-24,28.48
OTG-LOT-00464,OTG-FRZ-002,Seattle DC,797,2025-12-31,2027-06-24,51.76
OTG-LOT-00465,OTG-FRZ-002,LA DC,105,2025-07-05,2026-12-27,12.36
OTG-LOT-00466,OTG-FRZ-003,Dallas DC,946,2025-06-08,2026-11-30,15.55
OTG-LOT-00467,OTG-FRZ-003,LA DC,610,2026-01-10,2027-07-04,22.59
OTG-LOT-00468,OTG-FRZ-003,NJ DC,812,2025-06-23,2026-12-15,12.03
OTG-LOT-00469,OTG-FRZ-003,Dallas DC,321,2026-03-12,2027-09-03,19.97
OTG-LOT-00470,OTG-FRZ-003,NJ DC,286,2025-09-29,2027-03-23,43.39
OTG-LOT-00471,OTG-FRZ-004,LA DC,1003,2025-10-02,2027-03-26,53.09
OTG-LOT-00472,OTG-FRZ-004,LA DC,620,2026-04-29,2027-10-21,24.3
OTG-LOT-00473,OTG-FRZ-004,NJ DC,1172,2026-04-04,2027-09-26,63.41
OTG-LOT-00474,OTG-FRZ-004,NJ DC,317,2025-07-24,2027-01-15,34.49
OTG-LOT-00475,OTG-FRZ-004,Dallas DC,869,2026-04-23,2027-10-15,24.59
OTG-LOT-00476,OTG-FRZ-005,Seattle DC,65,2025-10-24,2027-04-17,34.2
OTG-LOT-00477,OTG-FRZ-005,Dallas DC,522,2025-08-22,2027-02-13,24.77
OTG-LOT-00478,OTG-FRZ-005,LA DC,595,2025-05-07,2026-10-29,25.69
OTG-LOT-00479,OTG-FRZ-005,Seattle DC,483,2025-10-06,2027-03-30,42.9
OTG-LOT-00480,OTG-FRZ-005,LA DC,490,2025-10-26,2027-04-19,56.51
OTG-LOT-00481,OTG-FRZ-006,NJ DC,171,2025-05-29,2026-11-20,50.4
OTG-LOT-00482,OTG-FRZ-006,LA DC,670,2025-07-14,2027-01-05,40.62
OTG-LOT-00483,OTG-FRZ-006,Dallas DC,89,2026-03-23,2027-09-14,53.78
OTG-LOT-00484,OTG-FRZ-006,Dallas DC,418,2025-09-07,2027-03-01,18.01
OTG-LOT-00485,OTG-FRZ-006,Seattle DC,388,2025-10-02,2027-03-26,16.63
OTG-LOT-00486,OTG-FRZ-007,NJ DC,866,2026-05-08,2027-10-30,17.84
OTG-LOT-00487,OTG-FRZ-007,NJ DC,413,2025-04-25,2026-10-17,22.67
OTG-LOT-00488,OTG-FRZ-007,Dallas DC,1200,2025-10-02,2027-03-26,52.81
OTG-LOT-00489,OTG-FRZ-007,LA DC,416,2025-10-24,2027-04-17,21.48
OTG-LOT-00490,OTG-FRZ-007,Seattle DC,277,2026-02-12,2027-08-06,15.76
OTG-LOT-00491,OTG-FRZ-008,LA DC,455,2025-04-25,2026-10-17,32.43
OTG-LOT-00492,OTG-FRZ-008,Seattle DC,745,2025-04-30,2026-10-22,42.9
OTG-LOT-00493,OTG-FRZ-008,Dallas DC,345,2025-11-18,2027-05-12,43.15
OTG-LOT-00494,OTG-FRZ-008,NJ DC,1183,2025-05-24,2026-11-15,55.63
OTG-LOT-00495,OTG-FRZ-008,Dallas DC,232,2025-05-16,2026-11-07,40.42
OTG-LOT-00496,OTG-SNK-001,LA DC,909,2025-11-21,2026-09-17,7.57
OTG-LOT-00497,OTG-SNK-001,NJ DC,1187,2026-02-09,2026-12-06,48.76
OTG-LOT-00498,OTG-SNK-001,Seattle DC,654,2026-01-09,2026-11-05,25.42
OTG-LOT-00499,OTG-SNK-001,NJ DC,623,2025-12-02,2026-09-28,40.27
OTG-LOT-00500,OTG-SNK-001,LA DC,1055,2026-02-14,2026-12-11,28.31
OTG-LOT-00501,OTG-SNK-002,Dallas DC,592,2026-02-04,2026-12-01,14.78
OTG-LOT-00502,OTG-SNK-002,Seattle DC,163,2026-02-03,2026-11-30,64.47
OTG-LOT-00503,OTG-SNK-002,LA DC,213,2026-02-21,2026-12-18,43.87
OTG-LOT-00504,OTG-SNK-002,LA DC,55,2025-09-08,2026-07-05,56.9
OTG-LOT-00505,OTG-SNK-002,LA DC,1017,2026-05-07,2027-03-03,34.08
OTG-LOT-00506,OTG-TEA-001,Seattle DC,1070,2025-12-09,2027-06-02,57.23
OTG-LOT-00507,OTG-TEA-001,NJ DC,592,2025-05-13,2026-11-04,15.36
OTG-LOT-00508,OTG-TEA-001,LA DC,950,2025-04-22,2026-10-14,41.39
OTG-LOT-00509,OTG-TEA-001,Seattle DC,397,2025-11-18,2027-05-12,11.19
OTG-LOT-00510,OTG-TEA-001,Dallas DC,699,2025-07-20,2027-01-11,25.25
OTG-LOT-00511,OTG-TEA-002,Seattle DC,305,2025-07-14,2027-01-05,32.29
OTG-LOT-00512,OTG-TEA-002,Seattle DC,191,2025-10-20,2027-04-13,48.67
OTG-LOT-00513,OTG-TEA-002,NJ DC,706,2026-01-07,2027-07-01,63.07
OTG-LOT-00514,OTG-TEA-002,Seattle DC,1198,2025-04-17,2026-10-09,49.48
OTG-LOT-00515,OTG-TEA-002,LA DC,123,2026-02-14,2027-08-08,16.33
OTG-LOT-00516,OTG-TEA-003,LA DC,1040,2025-10-05,2027-03-29,48.95
OTG-LOT-00517,OTG-TEA-003,Dallas DC,1052,2025-08-04,2027-01-26,27.18
OTG-LOT-00518,OTG-TEA-003,Dallas DC,318,2025-08-05,2027-01-27,33.07
OTG-LOT-00519,OTG-TEA-003,NJ DC,358,2025-04-14,2026-10-06,13.9
OTG-LOT-00520,OTG-TEA-003,Dallas DC,212,2025-05-18,2026-11-09,62.45
OTG-LOT-00521,OTG-TEA-004,Seattle DC,906,2026-01-08,2027-07-02,31.94
OTG-LOT-00522,OTG-TEA-004,LA DC,1045,2025-09-09,2027-03-03,42.14
OTG-LOT-00523,OTG-TEA-004,NJ DC,561,2025-11-07,2027-05-01,46.92
OTG-LOT-00524,OTG-TEA-004,Dallas DC,73,2025-08-03,2027-01-25,20.21
OTG-LOT-00525,OTG-TEA-004,NJ DC,894,2025-07-01,2026-12-23,16.79
OTG-LOT-00526,OTG-TEA-005,Seattle DC,688,2026-02-10,2027-08-04,41.35
OTG-LOT-00527,OTG-TEA-005,LA DC,702,2026-04-18,2027-10-10,64.17
OTG-LOT-00528,OTG-TEA-005,LA DC,372,2026-04-19,2027-10-11,33.07
OTG-LOT-00529,OTG-TEA-005,Dallas DC,347,2025-08-01,2027-01-23,17.38
OTG-LOT-00530,OTG-TEA-005,NJ DC,691,2025-12-06,2027-05-30,26.55
OTG-LOT-00531,OTG-CAN-001,LA DC,681,2026-02-01,2027-07-26,26.56
OTG-LOT-00532,OTG-CAN-001,LA DC,938,2025-07-22,2027-01-13,62.64
OTG-LOT-00533,OTG-CAN-001,Seattle DC,478,2025-12-05,2027-05-29,44.55
OTG-LOT-00534,OTG-CAN-001,Seattle DC,435,2025-09-14,2027-03-08,8.73
OTG-LOT-00535,OTG-CAN-001,Seattle DC,570,2025-04-26,2026-10-18,36.21
OTG-LOT-00536,OTG-CAN-002,NJ DC,686,2025-10-24,2027-04-17,10.14
OTG-LOT-00537,OTG-CAN-002,Seattle DC,1001,2026-03-30,2027-09-21,16.81
OTG-LOT-00538,OTG-CAN-002,Dallas DC,548,2025-08-28,2027-02-19,43.07
OTG-LOT-00539,OTG-CAN-002,Dallas DC,136,2026-01-23,2027-07-17,62.43
OTG-LOT-00540,OTG-CAN-002,Seattle DC,732,2025-12-01,2027-05-25,52.52
OTG-LOT-00541,OTG-CAN-003,Dallas DC,551,2026-04-06,2027-09-28,39.63
OTG-LOT-00542,OTG-CAN-003,Seattle DC,578,2025-07-19,2027-01-10,40.34
OTG-LOT-00543,OTG-CAN-003,LA DC,731,2026-01-27,2027-07-21,60.36
OTG-LOT-00544,OTG-CAN-003,Seattle DC,1194,2025-12-18,2027-06-11,43.66
OTG-LOT-00545,OTG-CAN-003,NJ DC,505,2025-12-16,2027-06-09,40.76
OTG-LOT-00546,OTG-SEA-001,Seattle DC,1191,2025-10-19,2026-08-15,28.48
OTG-LOT-00547,OTG-SEA-001,Dallas DC,771,2025-08-31,2026-06-27,15.14
OTG-LOT-00548,OTG-SEA-001,Dallas DC,68,2026-01-10,2026-11-06,30.19
OTG-LOT-00549,OTG-SEA-001,LA DC,503,2026-02-16,2026-12-13,14.75
OTG-LOT-00550,OTG-SEA-001,LA DC,759,2025-12-23,2026-10-19,43.09
OTG-LOT-00551,OTG-SEA-002,LA DC,716,2026-03-21,2027-01-15,43.17
OTG-LOT-00552,OTG-SEA-002,Dallas DC,230,2026-03-02,2026-12-27,31.76
OTG-LOT-00553,OTG-SEA-002,NJ DC,590,2026-04-11,2027-02-05,53.91
OTG-LOT-00554,OTG-SEA-002,Seattle DC,642,2025-09-08,2026-07-05,7.61
OTG-LOT-00555,OTG-SEA-002,LA DC,721,2026-03-02,2026-12-27,50.1
